[
    {
      "id": "291-65-2923",
      "name": "Noah",
      "surname": "Wang",
      "birthdate": "1996-03-03",
      "address": "234 Elm St",
      "car": {
        "make": "Mercedes-Benz",
        "model": "C-Class",
        "year": 2021,
        "color": "Black",
        "plate": "VWX234",
        "mileage": 10000,
        "fuelType": "Gasoline",
        "transmission": "Automatic"
      },
      "fee": 1100
    },
    {
      "id": "472-18-9847",
      "name": "Mia",
      "surname": "Wu",
      "birthdate": "1993-08-28",
      "address": "567 Maple St",
      "car": {
        "make": "Audi",
        "model": "A4",
        "year": 2019,
        "color": "Gray",
        "plate": "YZA567",
        "mileage": 20000,
        "fuelType": "Diesel",
        "transmission": "Automatic"
      },
      "fee": 900
    },
    {
      "id": "165-78-4321",
      "name": "Ethan",
      "surname": "Lopez",
      "birthdate": "1989-05-17",
      "address": "890 Oak St",
      "car": {
        "make": "Porsche",
        "model": "911",
        "year": 2022,
        "color": "Red",
        "plate": "BCD890",
        "mileage": 5000,
        "fuelType": "Gasoline",
        "transmission": "Manual"
      },
      "fee": 1500
    },
    {
      "id": "583-29-7362",
      "name": "Charlotte",
      "surname": "Gonzalez",
      "birthdate": "1997-01-09",
      "address": "123 Pine St",
      "car": {
        "make": "Volvo",
        "model": "XC90",
        "year": 2021,
        "color": "White",
        "plate": "EFG123",
        "mileage": 8000,
        "fuelType": "Electric",
        "transmission": "Automatic"
      },
      "fee": 1300
    },
    {
      "id": "314-86-5210",
      "name": "Liam",
      "surname": "Perez",
      "birthdate": "1990-11-01",
      "address": "456 Cedar St",
      "car": {
        "make": "Land Rover",
        "model": "Range Rover",
        "year": 2020,
        "color": "Black",
        "plate": "HIJ456",
        "mileage": 12000,
        "fuelType": "Diesel",
        "transmission": "Automatic"
      },
      "fee": 1400
    },
    {
      "id": "756-44-8812",
      "name": "Avery",
      "surname": "Taylor",
      "birthdate": "1992-09-10",
      "address": "789 Oak St",
      "car": {
        "make": "BMW",
        "model": "X5",
        "year": 2018,
        "color": "Blue",
        "plate": "KLM789",
        "mileage": 25000,
        "fuelType": "Gasoline",
        "transmission": "Automatic"
      },
      "fee": 1000
    },
    {
      "id": "212-63-8175",
      "name": "Sofia",
      "surname": "Martinez",
      "birthdate": "1994-07-22",
      "address": "234 Maple St",
      "car": {
        "make": "Tesla",
        "model": "Model S",
        "year": 2020,
        "color": "Gray",
        "plate": "NOP234",
        "mileage": 10000,
        "fuelType": "Electric",
        "transmission": "Automatic"
      },
      "fee": 1200
    },
    {
      "id": "498-22-7330",
      "name": "Carter",
      "surname": "Harris",
      "birthdate": "1987-04-14",
      "address": "567 Elm St",
      "car": {
        "make": "Jaguar",
        "model": "F-Type",
        "year": 2019,
        "color": "Red",
        "plate": "QRS567",
        "mileage": 15000,
        "fuelType": "Gasoline",
        "transmission": "Automatic"
      },
      "fee": 1100
    },
    {
      "id": "943-55-2609",
      "name": "Isabella",
      "surname": "Lee",
      "birthdate": "1998-02-28",
      "address": "890 Cedar St",
      "car": {
        "make": "Lamborghini",
        "model": "Aventador",
        "year": 2022,
        "color": "Yellow",
        "plate": "TUV890",
        "mileage": 5000,
        "fuelType": "Gasoline",
        "transmission": "Automatic"
      },
      "fee": 2000
    },
    {
      "id": "622-09-8171",
      "name": "Jackson",
      "surname": "Walker",
      "birthdate": "1991-12-04",
      "address": "123 Oak St",
      "car": {
        "make": "Ford",
        "model": "Mustang",
        "year": 2021,
        "color": "Orange",
        "plate": "WXY123",
        "mileage": 8000,
        "fuelType": "Gasoline",
        "transmission": "Manual"
      },
      "fee": 1300
    }
]
  
  